product_id,name,price,rating,reviews_count
105058953,Кофе растворимый MacCoffee coffee mix порошковый 20 г,89.0,5.0,72.0
100240109,Кофе растворимый MacCoffee Cappuccino Di Torino гранулированный 25 г,150.0,4.9,98.0
100208035,Кофе растворимый NESCAFE Gold сублимированный 95 г,2099.0,4.9,58.0
100240184,Кофе растворимый MacCoffee 3 в 1 Карамель порошковый 18 г,79.0,4.9,26.0
100207925,Кофе растворимый Jacobs Monarch сублимированный 95 г,3245.0,5.0,77.0
100207915,Кофе растворимый Jacobs Monarch сублимированный 47.5 г,1725.0,4.9,31.0
100207923,Кофе растворимый Jacobs Monarch сублимированный 75 г,2509.0,4.9,37.0
101137420,Кофе растворимый Jacobs Latte Caramel порошковый 12.3 г,116.0,4.9,23.0
102061752,Кофе растворимый Jacobs Monarch карамель гранулированный 95 г,3129.0,4.8,147.0
100798824,Кофе растворимый Jacobs Monarch Классический сублимированный 500 г,9252.0,5.0,234.0
108035328,Кофе растворимый MacCoffee со вкусом сгущенного молока порошковый 20 г,99.0,4.8,27.0
105073722,Кофе растворимый MacCoffee Лесной орех порошковый 18 г,79.0,4.8,22.0
100938397,Кофе Espresso Italiano Belissimo зерновой в пакете 200 г,2499.0,5.0,179.0
100760635,Кофе Lavazza Qualita Rossa зерновой 250 г,3665.0,4.8,77.0
109809031,Кофе Master Coffee Crema Classico зерновой 1000 г,12990.0,4.9,165.0
105339313,Кофе Jacobs Barista Editions Italiano зерновой 800 г,11791.0,4.8,19.0
101227591,Кофе Coffeelogia Бразилия Сантос зерновой 1000 г,12850.0,4.9,174.0
102268987,Кофе растворимый Jacobs 3 в 1 соленая карамель порошковый 21.3 г,266.0,5.0,
110083236,Кофе Jardin PIAZZA DEL CAFFE ARABICA DENSA зерновой 1000 г,15241.0,4.9,10.0
100820239,Кофе Master Coffee Qazaq Blend зерновой в пакете 1000 г,14990.0,5.0,224.0
102120369,Кофе Master Coffee Бразилия Можиана зерновой 1000 г,14990.0,5.0,173.0
129365267,Кофе Jacobs Crema Gold зерновой 500 г,7609.0,5.0,7.0
108365555,Кофе растворимый Jacobs Monarch гранулированный 130 г,4377.0,5.0,16.0
100219163,Кофе Lavazza Qualita Oro зерновой в пакете 250 г,4395.0,4.7,91.0
109734601,Кофе Compass Ethiopia blend зерновой 1000 г,11300.0,4.9,117.0
108361175,Кофе Lavazza Crema e Gusto зерновой 1000 г,13303.0,4.9,42.0
108361046,Кофе Gourmet Arabica Brazil Mogiana зерновой 2000 г,21198.0,5.0,190.0
141427559,Кофе Master Coffee Basic Blend зерновой 1000 г,11990.0,5.0,70.0
100236001,Кофе Жокей Классический зерновой в пакете 500 г,7072.0,4.9,20.0
100938514,Кофе Espresso Italiano Original зерновой в пакете 200 г,2499.0,5.0,133.0
102269678,Кофе Jacobs Barista Editions Crema зерновой в пакете 230 г,3691.0,4.6,19.0
110146304,Кофе Compass Бразилия бленд зерновой 1000 г,10500.0,4.9,115.0
115606264,Кофе Local coffee Бразилия зерновой 1000 г,12000.0,4.9,51.0
116618043,Кофе Master Coffee Бразилия Можиана зерновой 250 г,4290.0,4.9,115.0
102331460,Кофе Lavazza Gusto Pieno зерновой 1000 г,11760.0,4.8,184.0
101891998,Кофе Lavazza Crema e Aroma Espresso зерновой в пакете 1000 г,15992.0,4.7,147.0
100219007,Кофе Jardin Cafe Eclair зерновой в пакете 250 г,3465.0,4.5,10.0
100938360,Кофе Espresso Italiano Classic зерновой 1000 г,11999.0,5.0,126.0
109734643,Кофе Master Coffee Milano Espresso зерновой 250 г,3690.0,4.9,67.0
100938535,Кофе Espresso Italiano Classic зерновой в пакете 200 г,2499.0,4.9,88.0
101227011,Кофе Lavazza Super Crema зерновой в пакете 1000 г,15500.0,4.9,142.0
100938384,Кофе Espresso Italiano Belissimo зерновой 1000 г,11999.0,5.0,77.0
100774248,Кофе Lavazza Caffe Espresso в пакете зерновой 1000 г,16500.0,5.0,41.0
100761099,Кофе EGOISTE Noir в пакете зерновой 1000 г,21525.0,4.8,27.0
100235615,Кофе Жокей Традиционный в Зернах 200 г,3495.0,4.9,15.0
114134281,Кофе растворимый Jacobs Caramel сублимированный 3 шт,7788.0,5.0,207.0
139473980,Кофе растворимый Coffeelogia Brazil сублимированный 500 г,8600.0,4.9,57.0
100820202,Кофе Master Coffee Supremo зерновой в пакете 1000 г,15990.0,4.9,126.0
131476233,Кофе Master Coffee Qazaq Blend зерновой 250 г,4290.0,5.0,58.0
100208012,Кофе растворимый NESCAFE Gold гранулированный 190 г,5990.0,5.0,12.0
100977495,Кофе растворимый Carte Noire Original сублимированный 150 г,7350.0,4.9,59.0
109734587,Кофе Compass Colombia Blend зерновой 1000 г,11000.0,5.0,65.0
140804775,Кофе Master Coffee Гватемала Декаф зерновой 250 г,5190.0,5.0,26.0
109734655,Кофе Master Coffee Prestige зерновой 250 г,4590.0,4.9,67.0
130582435,Кофе Serikov Coffee Сан Рафаэль зерновой 200 г,3400.0,4.8,17.0
145116643,Кофе Delonghi Ethiopian Selection зерновой 250 г,5590.0,5.0,23.0
145868996,Кофе Delonghi Espresso Selection зерновой 250 г,5090.0,4.9,25.0
105921931,Кофе Green Roast Арабика Бразилия зерновой в пакете 1000 г,11700.0,4.9,120.0
101405160,Кофе Delonghi Caffe Crema зерновой в пакете 250 г,4990.0,5.0,38.0
101227574,Кофе Coffeelogia Бразилия Сантос зерновой 500 г,7400.0,4.9,95.0
104574059,Кофе Green Roast 80/20 зерновой в пакете 1000 г,11500.0,5.0,52.0
130582414,Кофе Serikov Coffee Almaty Blend зерновой 200 г,3201.0,4.8,8.0
103560890,Кофе Grossa Rufa зерновой 1000 г,10800.0,4.9,81.0
103315586,Кофе Delonghi Decaffeinato Espresso зерновой в пакете 500 г,7990.0,4.9,63.0
100825846,Кофе Lavazza Qualita Rossa зерновой в пакете 1000 г,16750.0,4.8,60.0
101765851,Кофе EGOISTE Truffle зерновой в пакете 1000 г,20409.0,5.0,16.0
140012074,Кофе GLOBAL COFFEE Espresso Blend зерновой 1000 г,12950.0,5.0,67.0
107265385,Кофе Coffeelogia Бразилия Сантос Венская обжарка зерновой 1000 г,12900.0,4.9,43.0
105085638,Кофе Grossa Ethiopia Sidamo 4 Gr зерновой 1000 г,11300.0,4.9,32.0
101169717,Кофе Caffe Boasi Caffe Boasi Super Crema Caffe зерновой 1000 г,13503.0,4.9,80.0
104574351,Кофе Green Roast 80/20 зерновой в пакете 250 г,3100.0,4.9,97.0
105921876,Кофе Green Roast 80/20 зерновой в пакете 500 г,5900.0,4.9,34.0
102141856,Кофе Master Coffee Колумбия Супремо Антьокия зерновой в пакете 1000 г,15990.0,5.0,47.0
101152293,Кофе Bushido Red Katana зерновой в пакете 1000 г,19416.0,4.6,24.0
102930039,Кофе Guten berg зерновой Ирландские сливки 1 кг,18150.0,4.9,45.0
130582399,Кофе Serikov Coffee Serikov Blend зерновой 200 г,3850.0,4.8,23.0
102719723,Кофе Jardin Americano Crema зерновой в пакете 1000 г,15600.0,4.8,12.0
100208037,Кофе растворимый NESCAFE Classic порошковый 500 г,8640.0,5.0,28.0
109576662,Кофе Gourmet Oro зерновой 2000 г,21998.0,5.0,83.0
145116635,Кофе Delonghi Apple Selection зерновой 250 г,5590.0,4.8,10.0
104496841,Кофе Green Roast Эспресо зерновой 1 кг,11500.0,4.9,32.0
101141240,Кофе Lavazza Tierra зерновой 1000 г,17500.0,4.8,68.0
107970871,"Кофе Carte Noire Original, Crema Delice зерновой 2 упаковки по 230 г",7438.0,4.9,25.0
121225803,Кофе Local coffee Brazil Arabica зерновой 250 г,3600.0,4.8,19.0
139276428,Кофе Serikov Coffee Бразилия Сан Рафаэль зерновой 1000 г,15000.0,4.9,8.0
141881361,Кофе Master Coffee Milk Blend зерновой 250 г,3990.0,4.9,10.0
117513268,Кофе TOREO Crema Intenso зерновой 1000 г,11130.0,5.0,20.0
102533537,Кофе Lavazza Crema Ricca зерновой в пакете 1000 г,13780.0,5.0,25.0
103695296,Кофе Carte Noire Exclusif зерновой арабика 1000 г,14774.0,4.9,17.0
102141872,Кофе Master Coffee Эфиопия Сидамо Гуджи зерновой в пакете 1000 г,15990.0,4.8,52.0
101141592,Кофе Bushido Black Katana зерновой в пакете 1000 г,22010.0,4.8,21.0
102928947,Кофе Guten berg зерновой Ирландские сливки 250 г,5275.0,4.8,21.0
107970837,"Кофе Jacobs Barista Editions Crema, Italiano зерновой 2 упаковки по 800 г",19128.0,4.9,22.0
115672323,Кофе Local coffee Arabica blend зерновой 1000 г,13500.0,5.0,9.0
102161423,Кофе Movenpick Schumli зерновой 1000 г,18175.0,5.0,20.0
139527115,Кофе Serikov Coffee American Blend зерновой 200 г,3800.0,4.9,10.0
128636977,Кофе Master Coffee Эфиопия Сидамо Гуджи зерновой 250 г,4590.0,4.8,26.0
101141438,Кофе Tchibo Barista Caffe Crema зерновой в пакете 1000 г,15800.0,5.0,31.0
100207926,Кофе растворимый Jacobs Monarch сублимированный 400 г,7499.0,5.0,469.0
100238984,Кофе растворимый Jacobs Original 3 в 1 порошковый 12 г,95.0,4.9,28.0
100976420,Кофе растворимый Carte Noire Original сублимированный 95 г,5114.0,4.9,91.0
102151087,Кофе растворимый NESCAFE 3 в 1 саше порошковый 14.5 г,89.0,4.9,20.0
104840733,Кофе растворимый NESCAFE ЗОЛОТАЯ ОБЖАРКА сублимированный 320 г,11038.0,4.9,75.0
147033969,Кофе растворимый Jacobs Dubai Chocolate Style порошковый 19.5 г,179.0,4.6,6.0
102132541,Кофе растворимый Jacobs Cappuccino 3 в 1 порошковый 12.5 г,116.0,4.8,17.0
102017907,Кофе растворимый Jacobs Gold сублимированный 95 г,2099.0,4.9,38.0
100208014,Кофе растворимый NESCAFE Classic Crema порошковый 95 г,1995.0,4.9,58.0
105120652,Кофе растворимый Beta Caffito Original порошковый 25 шт по 20 г,1599.0,4.9,29.0
103434591,Кофе растворимый MacCoffee Latte al caramello порошковый 22 г,125.0,4.8,26.0
129338676,Кофе растворимый NESCAFE Gold Crema порошковый 85 г,2099.0,4.8,27.0
129872121,Кофе Grossa Brazil Toffee зерновой 1000 г,13500.0,4.9,13.0
120275000,Кофе Massimo Coffee Filadelfia Pink Bourbon зерновой 250 г,15500.0,4.9,10.0
109576707,Кофе Gourmet Rosso зерновой 2000 г,21198.0,4.9,197.0
106433650,Кофе Lavazza Qualita Oro зерновой 1000 г,15482.0,4.8,51.0
102009960,Кофе растворимый Jacobs Hazelnut 3 в 1 24 шт порошковый 24 шт 15 г,2798.0,4.9,11.0
131136679,Кофе растворимый Jacobs Cappuccino classic порошковый 20 пакетиков,3476.0,5.0,19.0
146534230,Кофе TOREO Vending Special зерновой 500 г,4900.0,5.0,11.0
140461177,Кофе Serikov Coffee Moscow Blend зерновой 200 г,3700.0,5.0,4.0
106615953,Кофе EGOISTE Cafe Noir зерновой 250 г,5649.0,4.9,18.0
121230232,Кофе Local coffee Local's Blend зерновой 250 г,3300.0,5.0,11.0
100820363,Кофе Kimbo Gold Arabica зерновой в пакете 1000 г,16972.0,4.9,22.0
115672341,Кофе Local coffee Premium blend зерновой 1000 г,13500.0,5.0,10.0
121241995,Кофе Local coffee Brazil Decaf зерновой 250 г,4500.0,5.0,11.0
120375368,Кофе растворимый Maxim Supreme Gold Cofee Mix сублимированный 20 стиков,3850.0,4.9,14.0
103695549,Кофе растворимый Jacobs Monarch 3 в 1 сублимированный 24 шт,2798.0,4.9,36.0
101141478,Кофе Bushido Sensei зерновой в пакете 227 г,5699.0,4.9,38.0
148515610,Кофе растворимый Здоровье Ячменный гранулированный 75 г,990.0,4.4,9.0
101152307,Кофе Bushido Red Katana зерновой в пакете 227 г,4997.0,4.8,16.0
102903915,Кофе Guten berg Баунти зерновой ароматизированный в пакете 250 г,5275.0,5.0,12.0
101169414,Кофе illy Classico зерновой в банке 250 г,8989.0,4.9,21.0
100825428,Кофе Lavazza Gran Crema Espresso зерновой в пакете 1000 г,18700.0,4.9,9.0
129338649,Кофе растворимый NESCAFE Gold Aroma Intenso сублимированный 170 г,4939.0,5.0,5.0
105074549,Кофе растворимый BUSHIDO KODO сублимированный 95 г,6930.0,4.9,28.0
101468902,Кофе Movenpick Caffe Crema зерновой в пакете 500 г,9886.0,4.9,40.0
108061326,Кофе Coffeelogia Бразилия Декаф зерновой 250 г,4850.0,4.6,16.0
140751442,Кофе Gutenberg Черри Бренди зерновой 100 г,1900.0,4.9,11.0
136075631,Кофе Master Coffee Колумбия Супремо Антьокия зерновой 250 г,4590.0,5.0,20.0
144710380,Кофе Serikov Coffee Колумбия Уйла зерновой 200 г,3800.0,4.8,5.0
101146680,Кофе растворимый Jacobs Monarch сублимированный 220 г,5918.0,5.0,22.0
106711905,Кофе растворимый Jacobs Cappuccino порошковый 24 шт по 12.5 г,2323.0,4.8,9.0
116508879,Кофе растворимый Jacobs Cappuccino порошковый 400 г,3116.0,4.9,16.0
103140592,Кофе Guten berg Крем Карамель ароматизированный зерновой арабика 250 г,5275.0,4.9,6.0
129879101,Кофе Grossa Miranda зерновой 1000 г,10600.0,4.9,10.0
128812277,Кофе Movenpick Der Himmlische зерновой 500 г,8800.0,5.0,7.0
134074333,Кофе Massimo Coffee Isidro El Greco зерновой 250 г,9750.0,4.9,5.0
102363058,Кофе Lavazza Gold Selection зерновой в пакете 1000 г,16900.0,4.8,25.0
143659832,Кофе Massimo Coffee Ethiopia Aricha зерновой 250 г,9750.0,4.8,4.0
101405127,Кофе Delonghi Selezione Espresso зерновой в пакете 250 г,5990.0,4.8,33.0
102141881,Кофе Master Coffee Коста-Рика Тарразу Колибри зерновой 1000 г,15990.0,4.9,32.0
105056201,Кофе растворимый EGOISTE Noir сублимированный 100 г,5199.0,4.8,28.0
145116637,Кофе Delonghi Signature Brew зерновой 250 г,5490.0,5.0,11.0
117068170,Кофе Kimbo Delonghi Espresso Gourmet зерновой 1000 г,15990.0,4.9,10.0
106711858,Кофе растворимый Jacobs Intense порошковый 24 шт по 12 г,2323.0,4.8,14.0
108061334,Кофе Coffeelogia Бразилия Декаф зерновой 1000 г,14900.0,5.0,5.0
101152093,Кофе растворимый NESCAFE Classic с молотой арабикой порошковый 1000 г,15500.0,4.8,43.0
108192783,Кофе Sunday Coffee Crema Бразилия зерновой 250 г,4800.0,4.9,22.0
108698874,Кофе Lavazza Top Class зерновой 1000 г,15800.0,4.8,17.0
142097068,Кофе Serikov Coffee Moscow blend зерновой 1000 г,15500.0,5.0,8.0
106727956,Кофе растворимый Jacobs Caramel гранулированный 24 шт по 15 г,2798.0,5.0,11.0
106378331,Кофе Coffeelogia Номад Бленд зерновой 1000 г,12450.0,5.0,23.0
132160849,Кофе Grossa Brazil Cerrado зерновой 200 г,3300.0,4.9,11.0
140732870,Кофе Gutenberg со вкусом фисташки зерновой 100 г,1900.0,4.6,5.0
145851322,Кофе Caffe Antico Cremoso зерновой 1000 г,13378.0,5.0,4.0
101227716,Кофе Coffeelogia Вьетнам Далат зерновой 250 г,4350.0,4.6,12.0
106127795,Кофе Green Roast Арабика Колумбия зерновой в пакете 1000 г,15700.0,4.9,24.0
115672288,Кофе Local coffee Brazil Decaf зерновой 1000 г,16000.0,4.9,8.0
141058650,Кофе растворимый NESCAFE Ice порошковый 276 г,2435.0,4.9,4.0
110146875,Кофе Lavazza Crema Classica зерновой 1000 г,16389.0,4.9,29.0
104573699,Кофе Green Roast Бродвей зерновой в пакете 1000 г,12300.0,4.6,12.0
143454521,Кофе Serikov Coffee Кения Матунда зерновой 200 г,4800.0,5.0,5.0
131136707,Кофе растворимый Jacobs Caramel Latte порошковый 20 пакетиков,3476.0,5.0,16.0
113305288,Кофе Lavazza Qualita Rossa зерновой 2 упаковки по 250 г,7566.0,5.0,20.0
140751375,Кофе Gutenberg Венские вафли зерновой 100 г,1900.0,4.9,7.0
106127747,Кофе Green Roast Арабика Бразилия зерновой в пакете 500 г,7300.0,4.8,74.0
140751414,Кофе Gutenberg Грильяж зерновой 100 г,1900.0,4.8,5.0
104267855,Кофе Sunday Coffee Presto зерновой арабика/робуста 1000 г,13000.0,4.8,6.0
108933836,Кофе Sunday Coffee Perfecto зерновой 1000 г,13000.0,4.9,9.0
104363641,Кофе Gutenberg зерновой с ароматом фисташки 250 г,5275.0,4.9,15.0
106377671,Кофе Coffeelogia Кения Центральная зерновой 500 г,7900.0,5.0,26.0
102505916,Кофе Guten Berg Черри бренди зерновой 250 г,5275.0,5.0,14.0
100825408,Кофе Lavazza Gran Espresso зерновой 1000 г,16800.0,4.6,30.0
129879135,Кофе Grossa Brazil Fenix зерновой 1000 г,11500.0,4.9,6.0
140733148,Кофе Gutenberg арома ваниль зерновой 100 г,1900.0,4.8,1.0
103829581,Кофе растворимый Jacobs Коллекция кофейных напитков 3в1 сублимированный 1663 г,10433.0,4.9,53.0
104573732,Кофе Green Roast Бродвей зерновой в пакете 500 г,6500.0,4.9,9.0
102903950,Кофе Guten berg Вишня на бурбоне зерновой ароматизированный в пакете 250 г,5275.0,5.0,11.0
117702328,Кофе растворимый Maxim White Gold сублимированный 20 пакетиков,3700.0,4.9,5.0
108061330,Кофе Coffeelogia Бразилия Декаф зерновой 500 г,8600.0,4.9,8.0
106377509,Кофе Coffeelogia Бразилия Сантос Венская обжарка зерновой 500 г,7450.0,4.9,19.0
121065347,Кофе Caffe Antico Duomo зерновой 1000 г,13996.0,4.9,28.0
101227497,Кофе Coffeelogia Эспрессо Бленд зерновой 500 г,7050.0,4.9,34.0
102935565,Кофе Guten berg Баунти зерновой ароматизированный в пакете 1 кг,18190.0,4.8,7.0
144744056,Кофе Serikov Coffee Эфиопия Саломон зерновой 200 г,4200.0,5.0,1.0
133959987,Кофе Delonghi Espresso Classic зерновой 1000 г,19990.0,5.0,17.0
102930044,Кофе Guten berg зерновой Бейлис ароматизированный в пакете 250 г,5275.0,4.7,11.0
106366556,Кофе Coffeelogia Бразилия Сантос Венская обжарка зерновой 250 г,4250.0,4.7,12.0
123595880,Кофе Coffeelogia Colombia Supremo Венская обжарка зерновой 1000 г,13300.0,5.0,9.0
115672306,Кофе Local coffee Columbia Supremo зерновой 1000 г,14000.0,5.0,5.0
107970841,"Кофе Carte Noire Original, Crema Delice зерновой 2 упаковки по 800 г",23732.0,5.0,19.0
144017102,Кофе растворимый Jacobs Dubai Chocolate Style порошковый 10 пакетиков,2200.0,4.8,15.0
102929767,Кофе Guten berg зерновой ароматизированный Апельсин в шоколаде в пакете 250 г,5275.0,4.9,9.0
105074217,Кофе растворимый BUSHIDO Black Katana сублимированный 100 г,6999.0,4.8,22.0
101892030,Кофе Lavazza L'Espresso Gran Aroma зерновой 1000 г,16079.0,4.8,10.0
121601208,Кофе Caffe Antico La Scala зерновой 1000 г,13786.0,4.9,17.0
109580812,Кофе Guten berg Крем-карамель зерновой 1000 г,17800.0,4.9,9.0
100799466,Кофе растворимый Jardin Guatemala Atitlan сублимированный 150 г,3950.0,4.9,17.0
101227000,Кофе Lavazza Oro Mountain Grown зерновой в пакете 1000 г,16000.0,4.6,16.0
101227013,Кофе растворимый Trung Nguyen G7 3 в 1 сублимированный 50 шт,9900.0,4.9,53.0
101144056,Кофе растворимый Bushido Red Katana сублимированный 100 г,7000.0,4.8,17.0
103541882,Кофе Grossa Honduras San Marcos SHG зерновой в пакете 1000 г,13000.0,5.0,20.0
106366549,Кофе Coffeelogia Кремо Бленд зерновой 250 г,4050.0,5.0,14.0
121230353,Кофе Local coffee London Blend зерновой 250 г,3000.0,4.9,8.0
102930012,Кофе Guten berg зерновой ароматизированный Крем-Брюле в пакете 1 кг,17800.0,4.9,5.0
103727913,Кофе растворимый Jacobs Iced Latte Original порошковый 215 г,2200.0,5.0,13.0
100207950,Кофе растворимый MacCoffee Gold сублимированный 30 г,909.0,4.8,16.0
100238561,Кофе растворимый Jacobs Latte 3 в 1 порошковый 13 г,95.0,4.8,15.0
100207921,Кофе растворимый Jacobs Monarch сублимированный 33 г,1155.0,4.9,27.0
101659830,Кофе растворимый Fes Aroma Instant 3 в 1 порошковый 18 г,63.0,4.8,39.0
130314345,Кофе растворимый Jacobs Gold сублимированный 190 г,7099.0,5.0,14.0
101184986,Кофе растворимый NESCAFE Gold Aroma Intenso сублимированный 85 г,2099.0,4.8,53.0
100240142,Кофе растворимый MacCoffee 3 в 1 Классик порошковый 16 г,99.0,4.8,16.0
102926174,Кофе растворимый Jardin Gold №4 сублимированный 95 г,2289.0,4.7,25.0
105057026,Кофе растворимый NESCAFE strong порошковый 14.5 г,89.0,5.0,14.0
102061818,Кофе растворимый NESCAFE мягкий 3 в 1 саше порошковый 14.5 г,89.0,4.8,15.0
102646034,Кофе растворимый NESCAFE classic cappuccino сублимированный 18 г,159.0,5.0,12.0
103482965,Кофе растворимый Maxwell House Rich Blend сублимированный 250 г,4971.0,4.9,103.0
102933325,Кофе Guten berg ароматизированный марципан зерновой в пакете 250 г,5275.0,4.8,2.0
116042525,Кофе Coffee Expert Bar Decaf Brazil зерновой 1000 г,14599.0,4.9,12.0
115206004,Кофе Kimbo Extra Cream зерновой 1000 г,17891.0,5.0,12.0
106377419,Кофе Coffeelogia Бразилия Моджиана зерновой 1000 г,13650.0,4.9,11.0
142490930,Кофе Serikov Coffee American Blend зерновой 1000 г,15900.0,5.0,6.0
120009214,Кофе Tasty Coffee Бразилия Серрадо зерновой 1000 г,21609.0,5.0,17.0
106366444,Кофе Coffeelogia Альфа Бленд зерновой 250 г,4000.0,4.9,4.0
101468910,Кофе Movenpick Espresso зерновой в пакете 500 г,9399.0,4.9,12.0
103026246,Кофе растворимый Jacobs 3 in 1 гранулированный 10 шт по 18 г,2200.0,4.9,11.0
110084526,Кофе растворимый Jardin Gourmet Coffee Collection сублимированный 150 г,3900.0,4.8,14.0
103541825,Кофе Grossa Cuba Serrano Lavado зерновой в пакете 1000 г,14600.0,4.9,13.0
102928746,Кофе Guten berg зерновой ароматизированный Венские вафли в пакете 1 кг,18190.0,5.0,4.0
108178482,Кофе Coffeelogia Гватемала Декаф зерновой 1000 г,15950.0,4.9,7.0
101141509,Кофе Dallmayr Crema Prodomo зерновой в пакете 1000 г,18999.0,4.9,13.0
140732929,Кофе Gutenberg Пралине зерновой 100 г,1900.0,4.8,3.0
106377418,Кофе Coffeelogia Бурунди Ярама зерновой 1000 г,13800.0,5.0,8.0
100761161,Кофе Covim Granbar зерновой 1000 г,14189.0,4.8,38.0
106366463,Кофе Coffeelogia Кения Центральная зерновой 250 г,4500.0,4.7,13.0
106378447,Кофе Coffeelogia Альфа Бленд зерновой 1000 г,12250.0,5.0,6.0
140732817,Кофе Gutenberg Ирландские сливки зерновой 100 г,1900.0,4.5,3.0
117947026,Кофе Coffeelogia Персиковый брауни Бленд зерновой 250 г,4050.0,5.0,8.0
100207962,Кофе растворимый Жокей Триумф сублимированный 150 г,3600.0,4.7,14.0
106127829,Кофе Green Roast Арабика Колумбия зерновой в пакете 250 г,4400.0,5.0,20.0
105074487,Кофе растворимый EGOISTE Platinum сублимированный 100 г,8448.0,5.0,14.0
102929577,Кофе Guten berg зерновой ароматизированный Марципан в пакете 1 кг,18190.0,4.7,7.0
117327253,Кофе Delonghi Espresso Presige зерновой 1000 г,19890.0,5.0,9.0
117702618,Кофе растворимый Maxim Original сублимированный 20 пакетиков,3700.0,4.8,8.0
106744379,Кофе BAZZARA Dodicigrancru зерновой в пакете 1000 г,32000.0,5.0,5.0
106377376,Кофе Coffeelogia Бурунди Ярама зерновой 500 г,7950.0,5.0,7.0
106377431,Кофе Coffeelogia Кремо бленд зерновой 1000 г,12350.0,5.0,6.0
106377402,Кофе Coffeelogia Кения Центральная зерновой 1000 г,13700.0,4.9,11.0
106366452,Кофе Coffeelogia Номад Бленд зерновой 250 г,4050.0,4.9,20.0
104267853,Кофе Sunday Coffee Exclusive зерновой арабика/робуста в пакете 1000 г,13200.0,4.8,26.0
105026759,Кофе растворимый Movenpick Gold Original сублимированный 100 г,5550.0,4.9,20.0
146996025,Кофе растворимый ЯРКО латте банановое порошковый 30 г 1 саше,260.0,0.0,
106377378,Кофе Coffeelogia Бразилия Моджиана зерновой 500 г,7850.0,4.9,5.0
116295292,Кофе Kimbo DeLonghi Arabica зерновой 250 г,5890.0,4.8,14.0
141881585,Кофе Master Coffee Бразилия Тёмная зерновой 250 г,4290.0,5.0,15.0
100799586,Кофе растворимый MacCoffee Cappuccino Di Torino порошковый 20 шт,3099.0,5.0,19.0
101152386,Кофе Dallmayr Crema d’Oro зерноввой в пакете 1000 г,19798.0,4.7,20.0
105027214,Кофе растворимый EGOISTE Special сублимированный 100 г,7568.0,4.9,10.0
117294106,Кофе BUSHIDO Sensei зерновой 1000 г,21899.0,5.0,15.0
102938284,Кофе растворимый Jacobs Barista Americano гранулированный 130 г,4690.0,4.8,16.0
106365791,Кофе Coffeelogia Бразилия Моджиана зерновой 250 г,4450.0,4.9,8.0
115873805,Кофе Alta Roma Blend №5 зерновой 1000 г,16490.0,5.0,5.0
147356710,Кофе растворимый DES латте фисташка порошковый,260.0,5.0,1.0
144710373,Кофе Serikov Coffee Руанда Мука Киву зерновой 200 г,4400.0,5.0,2.0
101152384,Кофе Bushido Black Katana зерновой в пакете 227 г,5410.0,4.8,22.0
141671873,Кофе растворимый MOKATE Brown Sugar порошковый 17 г,149.0,4.8,
130812057,Кофе Delonghi Coffee Crema зерновой 1000 г,19890.0,4.8,19.0
101405076,Кофе Delonghi Classico Espresso зерновой в пакете 250 г,5990.0,4.9,10.0
146070298,Кофе Serikov Coffee Italian Blend 80/20 зерновой 1000 г,14800.0,5.0,4.0
102933559,Кофе Gutenberg клубничная панна-котта зерновой 250 г,5275.0,5.0,4.0
101227461,Кофе Coffeelogia Эспрессо Бленд зерновой 250 г,4000.0,4.8,37.0
102929957,Кофе Guten berg зерновой ароматизированный Капучино в пакете 1 кг,18190.0,4.8,5.0
108733844,Кофе растворимый Carte Noire White Coffee сублимированный 20 шт,4400.0,4.9,14.0
147775967,Кофе Massimo Coffee Miriam Quesada Pink Bourbon зерновой 250 г,10290.0,5.0,
100762688,Кофе Lavazza Café Espresso в пакете зерновой 250 г,7190.0,4.9,6.0
103023296,Кофе Sunrise Coffee City blend зерновой в пакете 1000 г,14000.0,4.9,17.0
132703586,Кофе Сова Сладкая Бразилия зерновой 1000 г,15000.0,4.9,14.0
106378663,Кофе Coffeelogia Номад Бленд зерновой 500 г,7200.0,5.0,18.0
101400557,Кофе Covim Suave Decaffeinato зерновой 500 г,10400.0,5.0,20.0
132160855,Кофе Grossa Ethiopia Sidamo 4 Gr зерновой 200 г,3300.0,4.9,7.0
102331050,Кофе растворимый Bourbon coffee Grand Cru сублимированный 100 г,3711.0,4.7,11.0
105074543,Кофе растворимый BUSHIDO Light Katana сублимированный 100 г,7999.0,5.0,17.0
103315634,Кофе Delonghi Decaffeinato Espresso зерновой в пакете 250 г,4990.0,4.7,10.0
105074301,Кофе растворимый EGOISTE V.S. сублимированный 100 г,7460.0,5.0,9.0
105308110,Кофе Kimbo Aroma Gold зерновой в пакете 250 г,4990.0,4.8,6.0
112915094,Кофе Movenpick Crema Autentico зерновой 1000 г,18197.0,5.0,11.0
105495773,Кофе BAZZARA Aromamore зерновой в пакете 1000 г,23100.0,4.9,7.0
146996085,Кофе растворимый ЯРКО раф ванильновый порошковый 30 г 1 саше,260.0,0.0,
100207931,Кофе растворимый Today Pure Arabica сублимированный 95 г,4150.0,5.0,12.0
100207970,Кофе растворимый Jardin Colombia Medellin сублимированный 150 г,3950.0,4.8,18.0
134042929,Кофе Local coffee Kenya Uhuru зерновой 1000 г,14000.0,4.7,2.0
123595905,Кофе Coffeelogia Colombia Supremo Венская обжарка зерновой 500 г,7700.0,4.8,2.0
107970976,Кофе Sunday Coffee Crema Бразилия зерновой 500 г,7500.0,4.7,41.0
132224778,Кофе Der Franz Crema зерновой 500 г,7750.0,5.0,4.0
101141276,Кофе illy Monoarabica Brazil зерновой в банке 250 г,9367.0,5.0,10.0
102363086,Кофе Lavazza Aroma Top в пакете зерновой 1000 г,19000.0,5.0,31.0
101152100,Кофе растворимый Bushido Original сублимированный 75 г,5949.0,4.8,23.0
112568724,Кофе Gutenberg Бельгийский шоколад зерновой 1000 г,18190.0,4.9,6.0
103719395,Кофе растворимый Jacobs ICED LATTE SALTED CARAMEL 3 в 1 порошковый 10 шт,2200.0,5.0,11.0
101147687,Кофе растворимый EGOISTE X.O. сублимированный 100 г,8365.0,4.8,13.0
106919318,Кофе Sunday Coffee Horeca blend зерновой в пакете 1000 г,13000.0,4.8,3.0
101161409,Кофе EGOISTE Velvet зерновой в пакете 200 г,6049.0,4.8,11.0
146995996,Кофе растворимый ЯРКО латте миндальновое порошковый 30 г 1 саше,260.0,5.0,
139276409,Кофе Serikov Coffee Italian Blend зерновой 1000 г,15090.0,4.6,5.0
114016714,Кофе EGOISTE Captain зерновой 250 г,5849.0,4.8,9.0
147340065,Кофе Serikov Coffee Руанда Икивигуто зерновой 200 г,4200.0,5.0,
145890684,Кофе Master Coffee Кения Кифару для фильтра зерновой 250 г,5790.0,5.0,2.0
118796340,Кофе Green Roast Decaff без кофеина зерновой 500 г,9700.0,5.0,12.0
105921968,Кофе Green Roast Фрутти зерновой в пакете 250 г,4300.0,5.0,16.0
139474022,Кофе растворимый Coffeelogia Brazil сублимированный 100 г,2800.0,4.8,22.0
142168099,Кофе AYAT AZIMOV COFFEE Kilimanjaro Blend зерновой 1000 г,12450.0,4.8,3.0
100799680,Кофе растворимый MacCoffee Original 3 в 1 порошковый 25 шт 500 г,3399.0,5.0,10.0
146995762,Кофе растворимый ЯРКО латте пломбирновое порошковый 30 г 1 саше,260.0,5.0,1.0
117764710,Кофе растворимый Maxim Decaffeinated сублимированный 20 пакетиков,4300.0,4.9,5.0
105074640,Кофе растворимый Bourbon coffee Original сублимированный 100 г,2999.0,4.9,10.0
116288224,Кофе TOREO Toreo Arabica Dulce зерновой 1000 г,13860.0,4.8,15.0
105921908,Кофе Green Roast Фрутти зерновой в пакете 1000 г,14900.0,5.0,17.0
103541890,Кофе Grossa Mexico Las Chicharras зерновой в пакете 1000 г,14700.0,4.9,12.0
101155488,Кофе illy Espresso зерновой банка 250 г,7608.0,5.0,4.0
132617126,Кофе Helmut Sachers Kaffee Der-Franz-Caramel зерновой 500 г,8000.0,4.8,8.0
101161443,Кофе Paulig Arabica зерновой в пакете 1000 г,21690.0,4.8,52.0
100207977,Кофе растворимый Jardin Kenya Kilimanjaro 95 г,3000.0,4.8,21.0
101145483,Кофе растворимый Bushido Red Katana сублимированный 75 г,6199.0,5.0,9.0
110856908,Кофе растворимый EGOISTE Truffle гранулированный 95 г,6750.0,4.9,5.0
101679685,Кофе растворимый NESCAFE Classic Latte саше порошковый 18 г,159.0,5.0,14.0
100238743,Кофе растворимый Jacobs Monarch сублимированный 50 г,1725.0,4.8,19.0
103026283,Кофе растворимый MacCoffee Light порошковый 12 г,85.0,4.8,12.0
100798783,Кофе растворимый Carte Noire Промо сублимированный 200 г,8050.0,4.9,188.0
109734596,Кофе Compass Vending Blend зерновой 1000 г,9200.0,4.9,861.0
100798909,Кофе Jacobs Monarch Классический зерновой 230 г,3484.0,4.8,56.0
100240010,Кофе растворимый MacCoffee Americano Creme 3 в 1 порошковый 18 г,119.0,5.0,20.0
102071332,Кофе растворимый MacCoffee Gold гранулированный 90 г,2694.0,4.7,14.0
100208058,Кофе растворимый MacCoffee Arabica сублимированный 90 г,2025.0,4.6,7.0
100798205,Кофе растворимый NESCAFE Gold сублимированный 47.5 г,1689.0,5.0,12.0
100207912,Кофе растворимый MacCoffee Arabica сублимированный 40 г,1029.0,4.8,12.0
100240148,Кофе растворимый MacCoffee 3 в 1 Крепкий порошковый 16 г,99.0,4.8,13.0
103801026,Кофе Fresco Arabica Solo зерновой в пакете 200 г,2989.0,5.0,14.0
117698478,Кофе растворимый Maxim Mocha Gold сублимированный 170 г,7600.0,4.9,5.0
102933643,Кофе Guten berg ароматизированный Солнце Сицилии зерновой в пакете 250 г,5275.0,5.0,4.0
103911979,Кофе растворимый Impresso Ristretto сублимированный 100 г,2149.0,4.8,9.0
130999490,Кофе Coffeelogia Гватемала Санта Рита зерновой 250 г,5200.0,4.8,3.0
117947145,Кофе Coffeelogia Колумбия Декаф зерновой 500 г,9000.0,4.0,
145890677,Кофе Master Coffee Колумбия Эль Вергель (лакто) для фильтра зерновой 250 г,7490.0,5.0,2.0
100207975,Кофе растворимый Jardin Kenya Kilimanjaro гранулированный 75 г,2150.0,4.9,17.0
145890676,Кофе Master Coffee Коста-Рика Пикадо Монтеро для фильтра зерновой 250 г,5790.0,5.0,3.0
105074270,Кофе растворимый EGOISTE Special сублимированный 100 г,6699.0,5.0,10.0
144711561,Кофе растворимый Bridge Coffee Капучино порошковый 20 г,150.0,4.8,1.0
105239468,Кофе Lofbergs Brazil 3 зерновой 1000 г,22150.0,4.8,10.0
117702371,Кофе растворимый Maxim Original сублимированный 100 пакетиков,12700.0,4.8,7.0
139474003,Кофе растворимый Coffeelogia Brazil сублимированный 250 г,4950.0,4.9,7.0
101141470,Кофе EGOISTE Espresso зерновой в пакете 1000 г,20860.0,5.0,11.0
102942414,Кофе растворимый Жокей арабика гранулированный 95 г,2250.0,4.7,14.0
116295343,Кофе Kimbo DeLonghi Prestige зерновой 250 г,4990.0,5.0,5.0
121065194,Кофе Caffe Antico Montenapoleone зерновой 1000 г,13864.0,4.8,16.0
102928788,Кофе Guten berg зерновой Бейлис ароматизированный в пакете 1 кг,18190.0,5.0,3.0
105922030,Кофе Green Roast Этажи 90/10 зерновой 250 г,3800.0,5.0,6.0
116119680,Кофе Coffeelogia Изюм и Шоколад Бленд зерновой 250 г,4050.0,4.9,4.0
123258452,Кофе растворимый Torabika Cappuccino порошковый 510 г,3249.0,5.0,15.0
131661959,Кофе Local coffee Kenya Uhuru зерновой 250 г,4100.0,5.0,2.0
103560862,Кофе Grossa Lugardi зерновой арабика 1000 г,13200.0,5.0,19.0
147775951,Кофе Massimo Coffee Santa Barbara Geisha зерновой 250 г,14590.0,5.0,
145890690,Кофе Master Coffee Индонезия Линтонг Нихута для фильтра зерновой 250 г,5490.0,5.0,2.0
138560660,Кофе Gutenberg шоколадный брауни зерновой 1000 г,18190.0,4.3,2.0
101468913,Кофе Movenpick Autentico зерновой в пакете 1000 г,20900.0,4.9,20.0
101892051,Кофе Lavazza Espresso Barista Gran Crema зерновой в пакете 1000 г,18700.0,4.8,10.0
120375342,Кофе растворимый Maxim Supreme Gold Cofee Mix сублимированный 100 стиков,18400.0,5.0,10.0
101141297,Кофе illy Monoarabica Guatemala зерновой в банке 250 г,9600.0,5.0,2.0
140737063,Кофе LEBO Coffee Espresso Italiano зерновой 220 г,4499.0,4.5,2.0
100207974,Кофе растворимый Jardin Colombia Medellin сублимированный 75 г,2150.0,4.9,16.0
105074480,Кофе растворимый EGOISTE Private сублимированный 100 г,7498.0,5.0,16.0
106258906,Кофе Lavazza Crema E Aroma зерновой 2 пачки по 1000 г,27500.0,4.9,75.0
143659787,Кофе Massimo Coffee Kenya Gachata AA зерновой 250 г,10000.0,5.0,2.0
113285476,Кофе Lavazza Qualita Oro зерновой 2 упаковки по 250 г,9079.0,5.0,36.0
142783725,Кофе AYAT AZIMOV COFFEE Amazon Blend зерновой 500 г,6550.0,5.0,2.0
101141474,Кофе Bushido Specialty Coffee зерновой в пакете 227 г,5621.0,4.7,21.0
100207964,Кофе растворимый Jardin Guatemala Atitlan сублимированный 75 г,2150.0,4.9,13.0
140510098,Кофе растворимый Carte Noire Voyage Au Japan гранулированный 90 г,5000.0,5.0,8.0
146907620,Кофе растворимый DES капучино солёная карамель порошковый 20 стиков,260.0,5.0,
116288211,Кофе TOREO Espresso Grande зерновой 1000 г,12400.0,4.7,4.0
106127820,Кофе Green Roast Арабика Колумбия зерновой в пакете 500 г,8700.0,4.9,12.0
141671848,Кофе растворимый MOKATE Strong порошковый 17 г,179.0,4.3,3.0
103594591,Кофе Fresco Arabica Barista зерновой в пакете 1000 г,11650.0,4.9,5.0
131842092,Кофе Helmut Sachers Kaffee Vienna History Edition зерновой 250 г,5100.0,5.0,17.0
106378443,Кофе Coffeelogia Эфиопия Сидамо 4 зерновой 250 г,4250.0,5.0,7.0
105965748,Кофе Paulig Espresso Favorito зерновой в пакете 1000 г,21850.0,5.0,7.0
146995840,Кофе растворимый ЯРКО латте мангоновое порошковый 30 г 1 саше,260.0,0.0,
140732216,Кофе растворимый Today espresso сублимированный 150 г,4224.0,4.2,1.0
106715752,Кофе растворимый Jacobs Barista Edition гранулированный 30 шт по 1.8 г,2904.0,4.9,7.0
146907254,Кофе растворимый DES латте пломбир порошковый 20 стиков,260.0,5.0,1.0
100219012,Кофе Jardin Espresso Di Milano зерновой в пакете 250 г,3750.0,4.5,5.0
141427502,Кофе Master Coffee Бразилия Тёмная зерновой 1000 г,14990.0,5.0,8.0
132160856,Кофе Grossa Brazil Toffee зерновой 200 г,3800.0,4.7,1.0
113304973,Кофе Lavazza Caffe Espresso зерновой 2 упаковки по 250 г,8148.0,5.0,20.0
145890976,Кофе Local coffee Costa-Rica Luis Carlos Picado Montero зерновой 200 г,5000.0,5.0,1.0
101765821,Кофе EGOISTE Grand Cru зерновой в пакете 250 г,5699.0,5.0,7.0
146061024,Кофе Local coffee Эфиопия Челчеле гр.1 зерновой 200 г,5000.0,0.0,
149718792,Кофе Gourmet Colombia Viani зерновой 200 г,2800.0,5.0,1.0
129873987,Кофе Grossa Kenya Kiyunyu AB зерновой 1000 г,16900.0,5.0,7.0
146995916,Кофе растворимый ЯРКО раф сырновый порошковый 30 г 1 саше,260.0,4.3,2.0
147703913,Кофе Massimo Coffee Kenya Gatina AA зерновой 250 г,9350.0,5.0,1.0
106499808,Кофе Lavazza Crema Gusto зерновой 1000 г,15000.0,4.7,14.0
132160865,Кофе Grossa China Puer зерновой 200 г,8150.0,4.0,2.0
102928934,Кофе Guten berg зерновой ароматизированный Черри бренди в пакете 1 кг,18190.0,4.7,2.0
145890970,Кофе Local coffee Indonesia Sumatra Lintong Blue Batak Bumbu зерновой 200 г,5000.0,0.0,
103541941,Кофе Grossa Peru MCM SHG зерновой в пакете 1000 г,14800.0,4.7,10.0
121230330,Кофе Local coffee Columbia Supremo зерновой 250 г,4100.0,5.0,2.0
142993404,Кофе Kimbo Espresso Napoletano зерновой 1000 г,12769.0,5.0,1.0
103790658,Кофе растворимый Fresco Platti сублимированный 75 г,1739.0,4.7,4.0
134175350,Кофе Sunday Coffee Costa Rica зерновой 500 г,10200.0,5.0,4.0
105933709,Кофе растворимый Jacobs Asian Selection сублимированный 90 г,3245.0,4.9,15.0
117236006,Кофе Alta Roma Blend №8 зерновой 1000 г,13200.0,4.9,6.0
106489247,Кофе Kurukahveci Mehmet Efendi По-турецки зерновой в пакете 500 г,10700.0,4.9,11.0
100207973,Кофе растворимый Jardin Guatemala Atitlan сублимированный 95 г,3000.0,4.7,14.0
106378451,Кофе Coffeelogia Гватемала Фэнси зерновой 1000 г,13750.0,5.0,5.0
114805403,Кофе Fresco Arabica Gusto зерновой 200 г,2990.0,4.9,14.0
134098704,Кофе Coffeelogia Руанда Мушони зерновой 250 г,6400.0,4.7,3.0
100826141,Кофе Movenpick Gusto Italiano Caffè Crema зерновой в пакете 1000 г,20468.0,4.9,15.0
131600894,Кофе Grossa China Simao Mellow зерновой 1000 г,13550.0,0.0,
133280815,Кофе растворимый Der-Franz Instant espresso сублимированный 200 г,8800.0,4.8,12.0
137484745,Кофе Grossa Miranda зерновой 200 г,2900.0,5.0,3.0
105922016,Кофе Green Roast Этажи 90/10 зерновой в пакете 500 г,7100.0,5.0,3.0
102929432,Кофе Guten berg зерновой ароматизированный Венские вафли в пакете 250 г,5275.0,5.0,3.0
107622825,Кофе растворимый Carte Noire Коллекция сублимированный 3 шт,12273.0,5.0,57.0
103732022,Кофе растворимый Carte Noire Voyage au bresil сублимированный 90 г,4550.0,4.9,11.0
132160859,Кофе Grossa Ethiopia Yirgacheffe Gr. 2 зерновой 200 г,4800.0,0.0,
118796324,Кофе Green Roast Decaff без кофеина зерновой 250 г,5200.0,4.9,15.0
102935600,Кофе Guten berg Вишня на бурбоне зерновой ароматизированный в пакете 1000 г,18190.0,5.0,2.0
107958738,Кофе Sunday Coffee Exclusive зерновой 500 г,7500.0,4.8,12.0
117947158,Кофе Coffeelogia Колумбия Декаф зерновой 250 г,5100.0,5.0,4.0
104265167,Кофе растворимый Eilles Kaffee Gourmet гранулированный 100 г,5300.0,4.9,9.0
142993127,Кофе растворимый PARLIAMENT Senator гранулированный 90 г,1850.0,4.4,2.0
101765992,Кофе Movenpick Der Himmlische зерновой 1000 г,21148.0,4.8,15.0
141671845,Кофе растворимый MOKATE Cappuccino Salted Caramel порошковый 110 г,1490.0,4.7,13.0
132204090,Кофе Helmut Sachers Kaffee Crema зерновой 500 г,8700.0,4.9,7.0
103023298,Кофе Sunrise Coffee Brazil зерновой в пакете 1000 г,15000.0,4.9,14.0
145423504,Кофе Coffeelogia Танзания Эдельвейс зерновой 1000 г,17400.0,0.0,
106167949,Кофе Tasty Coffee Эспрессо-смесь Кэнди зерновой в пакете 1000 г,22529.0,5.0,6.0
148485019,Кофе Gutenberg Айришкрим зерновой 1000 г,18190.0,0.0,
146061309,Кофе Local coffee Эфиопия Адола гр.1 (filter) зерновой 200 г,5500.0,5.0,1.0
133280938,Кофе растворимый Der-Franz Instant crema сублимированный 200 г,8900.0,4.9,11.0
142993200,Кофе Kimbo Espresso Napoletano зерновой 250 г,4600.0,5.0,1.0
100208032,Кофе растворимый NESCAFE Gold сублимированный 130 г,3775.0,4.9,14.0
100208006,Кофе растворимый NESCAFE Gold Barista сублимированный 75 г,2757.0,4.9,11.0
109895062,Кофе растворимый Carte Noire White Coffee сублимированный 17.4 г,215.0,4.9,13.0
130059664,Кофе растворимый NESCAFE Plombir Latte порошковый 15 г,145.0,4.9,7.0
100984055,Кофе растворимый Carte Noire Original сублимированный 75 г,4250.0,5.0,39.0
102153121,Кофе растворимый Carte Noire Original сублимированный 190 г,8600.0,5.0,70.0
102152838,Кофе растворимый NESCAFE classic сублимированный 130 г,2800.0,4.8,16.0
100207978,Кофе растворимый Jardin Colombia Medellin сублимированный 95 г,2555.0,4.9,22.0
100207956,Кофе растворимый MacCoffee Gold сублимированный 75 г,1655.0,4.9,6.0
105072368,Кофе растворимый MacCoffee Gold Latte сублимированный 16 г,116.0,4.9,11.0
100208017,Кофе растворимый NESCAFE Gold сублимированный 40 г,1540.0,5.0,10.0
100208038,Кофе растворимый NESCAFE Gold сублимированный 190 г,5005.0,4.8,14.0
103560855,Кофе Grossa Ethiopia Yirgacheffe Gr. 2 зерновой арабика 1000 г,18000.0,4.9,4.0
101141433,Кофе Lavazza Tierra Colombia зерновой в пакете 1 кг,28649.0,4.9,49.0
117946980,Кофе Coffeelogia Персиковый брауни Бленд зерновой 1000 г,12350.0,5.0,2.0
102243000,Кофе растворимый Fresco Arabica Solo сублимированный 75 г,1799.0,4.8,8.0
103695323,Кофе растворимый Maxwell House Rich Blend сублимированный 150 г,3655.0,4.7,15.0
129874348,Кофе Grossa Salvador Los Luchadores зерновой 1000 г,13400.0,5.0,2.0
134099325,Кофе Coffeelogia Бурунди Кибинго Хани зерновой 1000 г,19850.0,5.0,1.0
100773450,Кофе Miele Black Edition Cafe Crema зерновой 4 пакета по 250 г,31000.0,4.8,3.0
106377397,Кофе Coffeelogia Эфиопия Сидамо 4 зерновой 500 г,7500.0,4.6,8.0
101147621,Кофе растворимый EGOISTE Velvet сублимированный 95 г,9349.0,5.0,15.0
142783710,Кофе AYAT AZIMOV COFFEE Caspian Blend зерновой 250 г,3950.0,4.0,1.0
101141263,Кофе illy Monoarabica Ethiopia зерновой в банке 250 г,9523.0,5.0,5.0
100760719,Кофе Delonghi Kimbo Classic в пакете зерновой 1000 г,19890.0,5.0,11.0
102505901,Кофе Guten Berg Бразилия Желтый Бурбон зерновой в пакете 250 г,5500.0,5.0,1.0
133151486,Кофе Kimbo DeLonghi Espresso Arabica зерновой 1000 г,19890.0,4.9,10.0
108178487,Кофе Coffeelogia Гватемала Декаф зерновой 500 г,9200.0,5.0,2.0
117947119,Кофе Coffeelogia Колумбия Декаф зерновой 1000 г,15600.0,5.0,2.0
106378373,Кофе Coffeelogia Эфиопия Сидамо 4 зерновой 1000 г,13000.0,5.0,3.0
106728022,Кофе растворимый Carte Noire Original гранулированный 30 шт по 1.8 г,2850.0,5.0,11.0
102261082,Кофе растворимый Maxwell House Rich Blend сублимированный 200 г,5422.0,4.7,6.0
122799255,Кофе растворимый MacCoffee Cappuccino Di Torino с шоколадной крошкой порошковый 20 пакетиков,4000.0,4.8,11.0
102010034,Холодный кофе Jacobs Icepresso Latte 250 мл,825.0,4.7,11.0
108082603,Кофе растворимый Cafe Creme Product of brazil сублимированный 45 г,1535.0,4.5,13.0
116117944,Кофе Coffeelogia Изюм и Шоколад Бленд зерновой 1000 г,12350.0,5.0,3.0
148864522,Кофе растворимый DES Капучино с ирландским кремом порошковый 20 стиков,260.0,0.0,
117702254,Кофе растворимый Maxim White Gold сублимированный 170 пакетиков,22880.0,0.0,
150083891,Кофе Tasty Coffee Milk Coffee Хани зерновой 1000 г,22989.0,5.0,
151117426,Кофе Serikov Coffee Коста Рика Луис Карлос Пикардо (лактик) зерновой 200 г,5600.0,0.0,
150034091,Кофе Molinari Intenso зерновой 250 г,7775.0,0.0,
149718788,Кофе Gourmet Kenya AA Muranga зерновой 200 г,2900.0,0.0,
105026801,Кофе TEMPELMANN Nomos зерновой 500 г,10450.0,4.3,3.0
141634171,Кофе Segafredo Sinfonia зерновой 1000 г,17600.0,0.0,
145116626,Кофе Grossa Uganda Bugisu AA зерновой 1000 г,16900.0,5.0,1.0
141881272,Кофе Alta Roma Crema зерновой 6 упаковок по 1000 г,66690.0,0.0,
108733757,Кофе Gimoka Dulcis Vitae зерновой 1000 г,16989.0,5.0,2.0
117016291,Кофе Pelican Rouge Fleuve зерновой 1000 г,12900.0,4.9,3.0
132414848,Кофе Der Franz Colombia зерновой 500 г,7900.0,5.0,
147074172,Кофе Coffeelogia Китай Гулаиванг Натурал зерновой 1000 г,15100.0,5.0,1.0
109999903,Кофе Caffe Vergnano Espresso зерновой 1000 г,21789.0,5.0,6.0
103140845,Кофе Guten berg Коста Рика Де Тараццу зерновой арабика 250 г,5160.0,0.0,
145890678,Кофе Master Coffee Колумбия Эль Вергель твист для фильтра зерновой 250 г,7490.0,5.0,1.0
107499999,Кофе Fresco Arabica Espresso зерновой 200 г,2989.0,4.8,3.0
119377554,Кофе Coffeelogia Эфиопия Сидамо Грейд 2 зерновой 1000 г,14200.0,5.0,2.0
132160871,Кофе Grossa Mexico Las Chicharras зерновой 200 г,4000.0,5.0,2.0
103560861,Кофе Grossa Ferina зерновой арабика 1000 г,12500.0,5.0,1.0
108322846,Guten Berg Кофе в зёрнах ароматизированный &#34;Капучино&#34; 250г,5275.0,5.0,1.0
146995901,Кофе растворимый ЯРКО латте вишневое порошковый 30 г 1 саше,260.0,0.0,
108799550,Кофе Sunday Coffee Special зерновой 500 г,9500.0,4.8,2.0
100826183,Кофе Kimbo Aroma Gold 100% Arabica зерновой в пакете 500 г,9989.0,5.0,18.0
144022113,Кофе Coffeelogia Для гурманов зерновой 4 упаковки по 100 г,7300.0,5.0,3.0
149454724,Кофе растворимый Maximus Gold Collection сублимированный 95 г,2640.0,0.0,
150174545,Кофе растворимый DeMarco Gold сублимированный 500 г,12990.0,0.0,
150250299,Кофе растворимый Goldbach Tradition сублимированный 200 г,7290.0,0.0,
149454869,Кофе растворимый Maximus Columbian сублимированный 95 г,2640.0,0.0,
150250037,Кофе растворимый Goldbach Prestige сублимированный 200 г,7990.0,0.0,
150174601,Кофе растворимый DeMarco Classic сублимированный 500 г,12215.0,0.0,
150733728,Кофе растворимый Trung Nguyen Legend Cappuccino Hazelnut порошковый 12 пакетиков,3220.0,0.0,
151476899,Кофе растворимый Сибирский кедр c мускатом порошковый 120 г,2300.0,0.0,
150250043,Кофе растворимый Goldbach Crema порошковый 150 г,6590.0,0.0,
150733830,Кофе растворимый Trung Nguyen Legend Cappuccino Coconut порошковый 12 пакетиков,3220.0,0.0,
150993198,Кофе растворимый Maxim Mocha Gold Mild сублимированный 2160 г,26365.0,0.0,
106377368,Кофе Coffeelogia Кремо Бленд зерновой 500 г,7100.0,5.0,4.0
142052751,Кофе Tris Caffe napoletano зерновой 1000 г,12000.0,0.0,
134244184,Кофе Atyrau Coffee Roasters Бразилия зерновой 500 г,7670.0,5.0,
142993977,Кофе DeMarco Vending зерновой 1000 г,12970.0,5.0,
147074335,Кофе Coffeelogia Китай Гулаиванг Натурал зерновой 250 г,4950.0,5.0,
137597113,Кофе Caffe Vero Crema Bar зерновой 1000 г,16000.0,5.0,1.0
101141159,Кофе Paulig Espresso Originale зерновой в пакете 1000 г,21849.0,5.0,7.0
140587183,Кофе BAZZARA Panasiatica зерновой 250 г,9950.0,5.0,1.0
141881221,Кофе Alta Roma Blend №3 зерновой 2 упаковки по 1000 г,33840.0,0.0,
132204122,Кофе Helmut Sachers Kaffee Baristo Straight зерновой 1000 г,17100.0,4.0,
147074148,Кофе Coffeelogia Панама SHB Бокете зерновой 250 г,5400.0,0.0,
117089434,Кофе Coffeelogia Конго Киву зерновой 500 г,9050.0,5.0,3.0
145423664,Кофе Coffeelogia Танзания Эдельвейс зерновой 500 г,10050.0,4.5,1.0
115685462,Кофе Local coffee для фильтра Columbia supremo зерновой 1000 г,14000.0,5.0,1.0
132687144,Кофе Der Franz Cinnamon зерновой 500 г,8000.0,5.0,1.0
132613878,Кофе Helmut Sachers Kaffee Der-Franz Flavored Coffee-Hazelnut зерновой 500 г,8000.0,3.7,2.0
142845253,Кофе Cuppello Айришкрим зерновой 1000 г,16500.0,5.0,1.0
105026803,Кофе TEMPELMANN Nomos Caffe Crema зерновой 500 г,10449.0,5.0,1.0
147833074,Кофе Gutenberg Моцарт зерновой 1000 г,18190.0,0.0,
131267845,Кофе Covim Honduras BIO зерновой 500 г,10700.0,5.0,1.0
132012865,Кофе Helmut Sachers Kaffee Home Line-Espresso зерновой 500 г,8500.0,5.0,1.0
130748200,Кофе Fresh Coffee Бразилия Альфенас Дульче зерновой 1000 г,13860.0,5.0,2.0
123596053,Кофе Coffeelogia Руанда Кияхинда зерновой 250 г,4500.0,5.0,1.0
103434470,Кофе растворимый MacCoffee Arabica сублимированный 75 г,2202.0,4.9,8.0
102939186,Кофе растворимый Jacobs latte original 3 в 1 порошковый 21 г,189.0,4.0,1.0
100208015,Кофе растворимый NESCAFE Classic порошковый 47.5 г,1675.0,4.9,15.0
103455905,Кофе растворимый NESCAFE Classic порошковый 320 г,6399.0,4.8,20.0
106727962,Кофе растворимый Jacobs Latte порошковый 24 шт по 13 г,2323.0,4.8,26.0
122577398,Кофе растворимый Jacobs Velvet сублимированный 95 г,1999.0,5.0,89.0
100219097,Кофе Jacobs Monarch Классический зерновой 800 г,10555.0,4.9,60.0
129338693,Кофе растворимый NESCAFE Alta Rica сублимированный 85 г,2259.0,4.8,13.0
145300202,Кофе растворимый Maxwell House The Original порошковый 25 шт 450 г,2049.0,4.6,10.0
116157309,Кофе растворимый Jardin Mocaccino сублимированный 18 г,180.0,4.9,9.0
100208049,Кофе растворимый Jacobs Monarch сублимированный 190 г,5918.0,5.0,25.0
105074428,Кофе растворимый BUSHIDO Original сублимированный 100 г,7000.0,4.9,100.0
119377562,Кофе Coffeelogia Эфиопия Сидамо Грейд 2 зерновой 500 г,8200.0,5.0,1.0
132160898,Кофе Grossa Colombia El Bandido зерновой 200 г,4250.0,5.0,
102933448,Кофе Guten berg ароматизированный грильяж зерновой в пакете 250 г,5275.0,5.0,1.0
132160874,Кофе Grossa Cuba Serrano Lavado зерновой 200 г,4050.0,5.0,
102928695,Кофе Guten berg зерновой ароматизированный Нуга в пакете 1 кг,18190.0,5.0,1.0
114017331,Кофе EGOISTE Voyage зерновой 1000 г,20749.0,4.9,9.0
120498040,Холодный кофе OKF always good 240 мл,710.0,4.8,2.0
105034008,Кофе Movenpick Gusto Italiano Crema Intensa зерновой 1000 г,20470.0,5.0,5.0
146906886,Кофе растворимый DES капучино пряный апельсин порошковый,260.0,5.0,
132160873,Кофе Grossa China Simao Mellow зерновой 200 г,3750.0,0.0,
132224803,Кофе Der Franz Espresso зерновой 500 г,7500.0,4.9,3.0
148183438,Кофе Gutenberg Верона зерновой 1000 г,17500.0,0.0,
138611677,Кофе Coffeelogia Никарагуа Лос Суенос зерновой 500 г,8450.0,5.0,1.0
135688895,Кофе Tasty Coffee Руанда Киву зерновой 1000 г,22989.0,5.0,
142168120,Кофе AYAT AZIMOV COFFEE Fuji Blend зерновой 1000 г,13150.0,0.0,
103924927,Кофе растворимый Fresco Arabica Solo сублимированный 100 г,2960.0,4.7,2.0
105106481,Кофе Kimbo Caffe Crema Classico зерновой 1000 г,17890.0,4.9,10.0
132643879,Кофе Der Franz Vanilla зерновой 500 г,8000.0,5.0,2.0
132160870,Кофе Grossa Nicaragua Las Morenitas зерновой 200 г,3800.0,3.5,1.0
150186891,Кофе rockets.coffee Filter Coffee Colombia La Delfita зерновой 250 г,7400.0,0.0,
150186986,Кофе rockets.coffee Filter Coffee Honduras Aquiello Martinez зерновой 250 г,7065.0,0.0,
151117615,Кофе Serikov Coffee Индонезия Блю Батак зерновой 200 г,5000.0,0.0,
150436379,Кофе Gourmet Nicaragua Monte Cristo зерновой 200 г,3300.0,0.0,
142995093,Кофе DeMarco Classic зерновой 1000 г,15690.0,0.0,
150950758,Кофе Massimo Coffee La Onda зерновой 250 г,9350.0,0.0,
150928744,Кофе Massimo Coffee El Paraiso Geisha зерновой 250 г,21000.0,0.0,
150186928,Кофе rockets.coffee Filter Coffee Costa Rica Don Eli зерновой 250 г,7595.0,0.0,
150187008,Кофе rockets.coffee Filter Coffee Ethiopia Gore-Geisha зерновой 250 г,7790.0,0.0,
150175310,Кофе rockets.coffee Filter Coffee Mara Lolgorien зерновой 250 г,8050.0,0.0,
150106933,Кофе Tasty Coffee Espresso Coffee Индонезия Ява Атик зерновой 1000 г,24349.0,0.0,
151143732,Кофе Бар Сервис Бразилия Моджиана эспрессо зерновой 1000 г,12500.0,0.0,
150106943,Кофе Tasty Coffee Espresso Coffee Руанда Кигали зерновой 1000 г,22989.0,0.0,
150109920,Кофе Tasty Coffee Кения Найроби зерновой 1000 г,25279.0,0.0,
151551828,Кофе Московская кофейня на паяхъ Коломбо зерновой 250 г,3990.0,0.0,
151551788,Кофе Московская кофейня на паяхъ Мокко зерновой 250 г,3990.0,0.0,
150250100,Кофе Chicco D'oro India зерновой 250 г,7690.0,0.0,
149948765,Кофе Local coffee Уганда Ньябиронго А зерновой 200 г,5000.0,0.0,
149718789,Кофе Gourmet Ethiopia Haru G1 зерновой 200 г,3900.0,0.0,
150250064,Кофе Chicco D'oro Peru зерновой 250 г,7690.0,0.0,
150436361,Кофе Gourmet Costa Rica Tarrazu зерновой 200 г,3200.0,0.0,
150175320,Кофе rockets.coffee Filter Coffee Kenya Kabare Karani PB зерновой 250 г,7440.0,0.0,
150436426,Кофе Gourmet India Gems of Araku зерновой 200 г,4000.0,0.0,
151551871,Кофе Московская кофейня на паяхъ арабика зерновой 250 г,4890.0,0.0,
150250051,Кофе Chicco D'oro Indonesia зерновой 250 г,7690.0,0.0,
150175329,Кофе rockets.coffee Filter Coffee Mwirua Mitondo AA зерновой 250 г,7760.0,0.0,
150436395,Кофе Gourmet Nicaragua Las Morenitas зерновой 200 г,3400.0,0.0,
150436344,Кофе Gourmet Rwanda Kinini зерновой 200 г,2800.0,0.0,
150187021,Кофе rockets.coffee Filter Coffee Ethiopia Gara Agena зерновой 250 г,7500.0,0.0,
150250058,Кофе Chicco D'oro Honduras зерновой 250 г,7690.0,0.0,
147986503,Кофе Fresco Arabica Barista зерновой 5 упаковок по 1000 г,47900.0,0.0,
142993350,Кофе Movenpick One for all зерновой 1000 г,20948.0,5.0,1.0
100825174,Кофе Carraro Don Carlos зерновой в пакете 1000 г,15950.0,4.7,23.0
117702184,Кофе растворимый Maxim Mocha Gold сублимированный 100 г,6300.0,4.9,9.0
106727995,Кофе растворимый Jacobs Monarch порошковый 30 шт по 1.8 г,2904.0,5.0,10.0
105965893,Кофе Paulig Espresso Barista зерновой в пакете 1000 г,21850.0,5.0,5.0
109999883,Кофе Caffe Vergnano Arabica Bio зерновой 1000 г,27989.0,5.0,5.0
144022141,Кофе Coffeelogia На каждый день зерновой 4 упаковки по 100 г,6300.0,4.7,
132160901,Кофе Grossa Guatemala Todos Santos зерновой 200 г,3750.0,5.0,
108926453,Кофе Coffee Expert Bar Yellow Bourbon зерновой 1000 г,13599.0,5.0,4.0
106167880,Кофе Tasty Coffee Моносорт эспрессо Гватемала Фуэго зерновой в пакете 1000 г,21099.0,5.0,8.0
138110265,Кофе Coffeelogia Индонезия Сулавеси зерновой 250 г,4850.0,0.0,
145127654,Кофе растворимый Jacobs Gold сублимированный 130 г,4095.0,5.0,
115822434,Кофе Altintelve №4 Horeca Blend Espresso зерновой 1000 г,11000.0,4.8,
101152144,Кофе растворимый Impresso Delicato гранулированный 100 г,3050.0,5.0,10.0
129338661,Кофе растворимый NESCAFE Classic порошковый 190 г,5118.0,5.0,2.0
107545675,Кофе Gima Ambra зерновой в пакете 1000 г,15500.0,5.0,
103970402,Кофе растворимый Black in Black Pure Arabica сублимированный 85 г,2100.0,4.9,7.0
123528868,Кофе растворимый Torabika Macchiato порошковый 24 г,180.0,4.8,2.0
109258050,Кофе растворимый Сибирский кедр Cedro Coffee с кокосовым молоком порошковый 120 г,2170.0,3.0,1.0
133283964,Кофе растворимый AGF Zeitaky гранулированный 80 г,10250.0,0.0,
101783958,Кофе Fresco Arabica Solo зерновой в пакете 1 кг,13150.0,5.0,8.0
139739107,Кофе растворимый MOKATE Mix 3 in 1 порошковый 17 г,149.0,4.6,5.0
102934635,Кофе Guten berg Эспрессо-смесь Эспрессо зерновой в пакете 1 кг,18190.0,5.0,3.0
133191089,Кофе Kimbo Delonghi Espresso Classic зерновой 250 г,4990.0,5.0,3.0
143913084,Кофе Gutenberg Дубайский шоколад зерновой 1000 г,17500.0,5.0,2.0
101152287,Кофе Lavazza Tierra Brazil зерновой в пакете 1000 г,27149.0,4.9,17.0
114015333,Кофе EGOISTE Voyage зерновой 250 г,5799.0,4.9,10.0
102439480,Кофе Melitta Bella Crema Espresso в зернах 1 кг,19990.0,4.9,62.0
100207982,Кофе растворимый Жокей Триумф сублимированный 95 г,2600.0,4.6,15.0
148409527,Кофе растворимый Московская кофейня на паяхъ Арабика сублимированный 50 г,2190.0,5.0,4.0
130235020,Кофе растворимый Maximus Gold гранулированный 70 г,2614.0,4.8,3.0
131842135,Кофе Helmut Sachers Kaffee Vienna History Edition-W.A.Mozart-Espresso зерновой 250 г,4900.0,4.9,4.0
136994998,Кофе Local coffee Руанда Кизибере Хилл зерновой 200 г,4500.0,5.0,1.0
114113147,Кофе Tasty Coffee Колумбия Уила зерновой 1000 г,22989.0,4.5,1.0
115605107,Кофе Kimbo Espresso Napoletano зерновой 500 г,9350.0,5.0,3.0
146871727,Кофе растворимый DES Латте Банановое мороженое порошковый,260.0,5.0,
103560883,Кофе Grossa Ornata зерновой арабика 1000 г,12500.0,4.9,8.0
140330429,Кофе ARISTOCRAT 100% Arabica New зерновой 1000 г,16795.0,0.0,
100773499,Кофе Miele Black Edition Espresso зерновой 4 пакета по 250 г,31000.0,0.0,
141881259,Кофе Alta Roma Blend №2 зерновой 2 упаковки по 1000 г,25740.0,0.0,
148080080,Кофе Tasty Coffee Espresso Coffee Фанки зерновой 1000 г,25739.0,0.0,
147777863,Кофе AYAT AZIMOV COFFEE Бразилия Декаф зерновой 1000 г,16950.0,0.0,
142317260,Кофе DON CUP Espresso Italiano Napoli зерновой 1000 г,16300.0,0.0,
134034333,Кофе LEBO Coffee Classic зерновой 1000 г,14800.0,0.0,
132204084,Кофе Helmut Sachers Kaffee Turkish зерновой 500 г,8950.0,2.3,3.0
116958730,Кофе TOREO El Salvador Cuzcachapa SHG EP зерновой 200 г,7900.0,5.0,
106862223,La Marca Крем-брюле зерновой в пакете 250 г,8650.0,5.0,1.0
106862222,La Marca Колумбия Эксельсо зерновой в пакете 250 г,8850.0,3.0,1.0
148917080,Кофе Coffeelogia Коста Рика Луис Карлос зерновой 500 г,12900.0,0.0,
102171389,Кофе Corsini Colombia Medellin Supremo зерновой в пакете 500 г,20150.0,0.0,
102171460,Кофе Corsini Colombia Medellin Supremo зерновой в пакете 250 г,10075.0,0.0,
118637981,Кофе Tasty Coffee Фрутти зерновой 1000 г,23449.0,5.0,2.0
123947542,Кофе Sunrise Coffee Strong зерновой 500 г,8000.0,0.0,
103560864,Кофе Grossa Lyrata зерновой арабика 1000 г,13200.0,0.0,
131464571,Кофе Унция - Гурмэ Танзания АА зерновой 200 г,19595.0,0.0,
142845209,Кофе Cuppello Черри бренди зерновой 1000 г,16500.0,0.0,
105263242,Кофе Gimoka Gran Festa зерновой в пакете 1000 г,16989.0,4.0,1.0
142271982,Кофе Barbera Classica зерновой 1000 г,21800.0,0.0,
122800826,Кофе Caffe Ambosiano Cremoso зерновой 1000 г,16500.0,5.0,1.0
140398129,Кофе Gima Perla Nera зерновой 1000 г,18300.0,5.0,1.0
137597189,Кофе Caffe Vero Arabica Extra зерновой 1000 г,19800.0,0.0,
141634142,Кофе Segafredo GQ зерновой 1000 г,13000.0,5.0,
141881281,Кофе Alta Roma Blend №3 зерновой 6 упаковок по 1000 г,101520.0,0.0,
109999888,Кофе Caffe Vergnano Granaroma зерновой 500 г,11389.0,5.0,4.0
105026798,Кофе TEMPELMANN Aurelias Caffe Crema зерновой 500 г,11349.0,5.0,
142874962,Кофе Cuppello Эфиопия зерновой 1000 г,17500.0,0.0,
142316319,Кофе DON CUP Класик зерновой 1000 г,17200.0,0.0,
119272486,Кофе Fresco Uganda зерновой 900 г,10500.0,5.0,1.0
116508096,Кофе Alta Roma Blend №4 зерновой 1000 г,16849.0,5.0,1.0
102171563,Кофе Corsini Guatemala H.Highland зерновой в пакете 500 г,20305.0,0.0,
106862213,La Marca - Гватемала Уеуетенанго зерновой в пакете 250 г,10695.0,5.0,
136927497,Кофе Унция Никарагуа Марагоджайп зерновой 200 г,18995.0,5.0,
102171349,Кофе Corsini Costa Rica Caffe Tirrazu зерновой в пакете 500 г,16275.0,0.0,
105239469,Кофе Lofbergs Espresso зерновой 1000 г,22150.0,0.0,
142993493,Кофе Московская кофейня на паяхъ Суаре зерновой 1000 г,14700.0,5.0,1.0
136278929,Кофе Greno Kremo Ferrora зерновой 1000 г,15100.0,0.0,
112915151,Кофе Julius Meinl Vienna Melange Bristol зерновой 1000 г,32000.0,5.0,8.0
108540752,Кофе Sunday Coffee Crema Колумбия зерновой 1000 г,15900.0,5.0,1.0
123947576,Кофе Sunrise Coffee Strong зерновой 1000 г,14000.0,5.0,2.0
140174056,Кофе Сова Любовь зерновой 280 г,12000.0,0.0,
142949787,Кофе DeMarco Blend 3 зерновой 1000 г,12230.0,0.0,
142949759,Кофе DeMarco Rich зерновой 1000 г,12120.0,0.0,
106862211,La Marca - Вишня на коньяке зерновой в пакете 250 г,8650.0,5.0,1.0
117089437,Кофе Coffeelogia Конго Киву зерновой 250 г,5150.0,5.0,
102714113,Кофе Jardin Colombia Supremo 1000 г,17600.0,0.0,
140579696,Кофе Gima Caffe Caffe Del Sol Iguazu зерновой 1000 г,15400.0,0.0,
140269491,Кофе Rockets coffee Espresso #1 зерновой 250 г,6950.0,5.0,1.0
140269798,Кофе Rockets coffee Espresso #2 зерновой 250 г,7150.0,0.0,
141273474,Кофе Tango Coffee Roasters RED зерновой 1000 г,13500.0,0.0,
141881247,Кофе Alta Roma Blend №1 зерновой 6 упаковок по 1000 г,92880.0,0.0,
108650919,Кофе Gimoka Gran Bar зерновой 1000 г,16989.0,3.0,1.0
131842084,Кофе Helmut Sachers Kaffee Exklusive-SuperB зерновой 250 г,5500.0,5.0,2.0
100761178,Кофе Covim Giada в пакете зерновой 1000 г,18500.0,3.7,1.0
136278892,Кофе Greno Brazil зерновой 1000 г,15100.0,5.0,
117539298,Кофе BAZZARA Panamericana зерновой 1000 г,32000.0,5.0,
142949752,Кофе DeMarco Grand зерновой 1000 г,12690.0,0.0,
142995097,Кофе DeMarco Rosso Bar зерновой 1000 г,14250.0,0.0,
147074064,Кофе Coffeelogia Панама SHB Бокете зерновой 500 г,9500.0,5.0,
102911716,Кофе Guten berg Коста Рика Де Тараццу зерновой в пакете 1 кг,20000.0,0.0,
141214179,Кофе Don Cup Espresso зерновой 1000 г,13700.0,0.0,
110146505,Кофе Lavazza Crema Classica зерновой 2 пачки по 1000 г,31816.0,5.0,
123596024,Кофе Coffeelogia Руанда Кияхинда зерновой 500 г,7900.0,5.0,1.0
106862220,La Marca Горький шоколад зерновой в пакете 250 г,8650.0,5.0,
102171260,Кофе Corsini Brasil Caffe Santos зерновой в пакете 500 г,15500.0,5.0,1.0
139033608,Кофе Musetti Decaffeinato зерновой 1000 г,24000.0,0.0,
149097577,Кофе Alta Roma Blend #5 зерновой 1000 г,26500.0,0.0,
131307333,Кофе Tasty Coffee Christmas Blend,6919.0,5.0,6.0
135858667,Кофе Tasty Coffee Батч-Брю зерновой 1000 г,22539.0,0.0,
120778922,Кофе Caffe Moreno Espresso зерновой 1000 г,16790.0,5.0,4.0
147486764,Кофе Stile di Vita esclusivo зерновой 250 г,6760.0,0.0,
103381663,Кофе Sunrise Coffee Brazil зерновой в пакете 500 г,8500.0,5.0,6.0
106835105,Кофе Tasty Coffee Колумбия Богота зерновой в пакете 1000 г,22889.0,5.0,3.0
142317714,Кофе Wild Good Morning Columbia Supremo зерновой 1000 г,18150.0,0.0,
141072180,Кофе Don Cup Сан Мартин Перу зерновой 1000 г,17400.0,0.0,
105026827,Кофе TEMPELMANN Nomos Espresso зерновой 1000 г,19995.0,5.0,3.0
141138078,Кофе PRESIDENT Signature зерновой 250 г,5000.0,0.0,
135688710,Кофе Bialetti Intenso зерновой 1000 г,21000.0,0.0,
108104470,Кофе Унция - Бейлиз зерновой 200 г,17395.0,5.0,5.0
102171133,Кофе Corsini Sumatra Bio зерновой в пакете 500 г,17360.0,0.0,
134098680,Кофе Coffeelogia Руанда Мушони зерновой 500 г,11300.0,5.0,
147074040,Кофе Coffeelogia Панама SHB Бокете зерновой 1000 г,16500.0,0.0,
118114040,Кофе Alta Roma Blend №3 зерновой 1000 г,18790.0,4.9,11.0
105897377,Кофе Paulig Presidentti Ruby зерновой 400 г,9200.0,4.8,7.0
102719626,Кофе Jardin Bravo Brazilia зерновой 1000 г,17750.0,5.0,
136278946,Кофе Greno Auroro зерновой 1000 г,14300.0,0.0,
107545624,Кофе Gima Diamante зерновой в пакете 1000 г,16959.0,0.0,
115873124,Кофе Fresco Guatemala зерновой 900 г,13150.0,5.0,1.0
142317359,Кофе DON CUP Колумбия Супремо зерновой 1000 г,23570.0,0.0,
142317753,Кофе Wild Good Morning Kenya зерновой 1000 г,17500.0,0.0,
112868772,Кофе L'or Crema Absolute Classic зерновой 500 г,11117.0,4.9,6.0
147073737,Кофе Alta Roma Rwanda зерновой 1000 г,22000.0,0.0,
119689708,Кофе Alta Roma Blend №1 зерновой 1000 г,17100.0,5.0,1.0
108650918,Кофе Gimoka Armonioso зерновой 1000 г,19989.0,0.0,
139033641,Кофе Musetti Intenso зерновой 1000 г,20400.0,0.0,
112868743,Кофе L'or Espresso Brazil зерновой 500 г,11117.0,5.0,1.0
123947595,Кофе Sunrise Coffee Brazil зерновой 250 г,5300.0,5.0,
123947658,Кофе Sunrise Coffee Brazil зерновой 1000 г,15000.0,0.0,
124070164,Кофе Sunrise Coffee Columbia зерновой 1000 г,15000.0,0.0,
141881174,Кофе Alta Roma Blend №8 зерновой 6 упаковок по 1000 г,71280.0,0.0,
103023355,Кофе Sunrise Coffee City blend Dark зерновой в пакете 1000 г,14000.0,4.8,6.0
108650922,Кофе Gimoka Supremo Professional зерновой 1000 г,19889.0,0.0,
109999917,Кофе Caffe Vergnano Aroma Mio Delicato зерновой 1000 г,19189.0,5.0,2.0
108745431,Кофе Gimoka Vellutato зерновой 1000 г,21989.0,5.0,1.0
143913512,Кофе Corsini Guatemala Medium roast зерновой 250 г,10585.0,0.0,
148588720,Кофе TEMPELMANN Terra зерновой 1000 г,19990.0,0.0,
142845280,Кофе Cuppello Эспрессо бленд зерновой 1000 г,16500.0,0.0,
134034290,Кофе LEBO Coffee Bright Espresso зерновой 1000 г,16050.0,0.0,
106862216,La Marca Пралине ликер зерновой в пакете 250 г,8650.0,5.0,1.0
146058293,Кофе Corsini Costa Rica зерновой 250 г,8215.0,0.0,
128120498,Кофе Coffeelogia Сальвадор зерновой 250 г,6950.0,5.0,2.0
101177437,Кофе Covim Granbar в пакете зерновой 500 г,7095.0,4.9,4.0
115821574,Кофе Altintelve Espresso Speci̇al Blend зерновой 1000 г,13000.0,1.0,1.0
132224520,Кофе Helmut Sachers Kaffee Melange зерновой 1000 г,18300.0,5.0,1.0
108733541,Кофе Gimoka Espresso зерновой 1000 г,19989.0,5.0,1.0
105263240,Кофе Gimoka Aroma Classico зерновой в пакете 1000 г,16989.0,0.0,
142316238,Кофе DON CUP царь зерновой 1000 г,17950.0,0.0,
142993964,Кофе DeMarco Premium зерновой 1000 г,13860.0,5.0,1.0
142831349,Кофе DeMarco Fresh Roasted Beans зерновой 1000 г,14680.0,5.0,
109788485,Кофе Compass Italy blend зерновой 1000 г,9999.0,4.9,260.0
109734588,Кофе Compass American Map зерновой 1000 г,9900.0,4.9,221.0
102242559,Кофе растворимый NESCAFE Gold порошковый 75 г,3040.0,4.9,10.0
100208025,Кофе растворимый NESCAFE Classic сублимированный 95 г,2400.0,4.6,11.0
113242066,Кофе Compass Cream Brazil зерновой 1000 г,10700.0,4.9,378.0
117382525,Кофе Compass Caribbean Blend зерновой 1000 г,10800.0,4.9,422.0
100239091,Кофе Jardin Americano Crema зерновой в пакете 250 г,3861.0,4.7,19.0
100208033,Кофе растворимый NESCAFE Classic сублимированный 60 г,1812.0,4.8,14.0
100826170,Кофе Lavazza Qualita Oro зерновой 1000 г,15562.0,4.8,328.0
100238385,Кофе растворимый Jacobs Caramel 3 в 1 порошковый 15 г,119.0,4.9,11.0
100219166,Кофе Carte Noire Original зерновой в пакете 230 г,4221.0,5.0,30.0
103541753,Кофе Grossa Brazil Mogiana зерновой в пакете 1000 г,10800.0,4.9,423.0
117016270,Кофе Pelican Rouge Lance зерновой 1000 г,13200.0,5.0,1.0
103381659,Кофе Sunrise Coffee Brazil зерновой в пакете 250 г,5300.0,5.0,2.0
108701396,Кофе Sunrise Coffee Tanzania Burka Estate AB зерновой 1000 г,15000.0,5.0,1.0
117539224,Кофе BAZZARA Panafricana зерновой 1000 г,32000.0,0.0,
107970956,Кофе Sunday Coffee Crema Кения зерновой в пакете 250 г,7250.0,2.5,2.0
132414842,Кофе Der Franz Colombia зерновой 1000 г,15800.0,3.0,1.0
141072280,Кофе Don Cup Бразилия Суль-де-минас Император зерновой 1000 г,22200.0,0.0,
142317313,Кофе DON CUP Espresso Интенсив зерновой 1000 г,21790.0,0.0,
140233944,Кофе Сова Доброта зерновой 280 г,12000.0,0.0,
116958856,Кофе TOREO Kenya Kahawa Bora AA зерновой 200 г,7900.0,5.0,1.0
102171599,Кофе Corsini Guatemala H.Highland зерновой в пакете 250 г,10385.0,0.0,
108733473,Кофе Gimoka Intenso Professional зерновой 1000 г,17689.0,0.0,
106092509,Кофе Alberto Caffe Crema зерновой в пакете 1000 г,17600.0,5.0,2.0
102911706,Кофе Guten berg Бразилия Сул Де Минас зерновой в пакете 1 кг,21900.0,0.0,
121849029,Кофе Cafes Callis Classic зерновой 1000 г,16060.0,4.7,4.0
100761139,Кофе Covim Rubino в пакете зерновой 1000 г,19600.0,5.0,3.0
142845439,Кофе Cuppello Бразилия зерновой 1000 г,17200.0,0.0,
134175346,Кофе Sunday Coffee Costa Rica зерновой 250 г,7500.0,4.0,1.0
142316607,Кофе DON CUP Бразилия Моджиана зерновой 1000 г,22650.0,0.0,
134099431,Кофе Coffeelogia Бурунди Кибинго Хани зерновой 500 г,11450.0,0.0,
135688739,Кофе Bialetti Classico зерновой 1000 г,20950.0,5.0,1.0
139032136,Кофе Musetti Armonico зерновой 1000 г,22500.0,0.0,
132414861,Кофе Pelican Rouge Rythme зерновой 1000 г,13500.0,5.0,1.0
137597093,Кофе Caffe Vero Espresso Classico зерновой 1000 г,15400.0,0.0,
112421321,Кофе Tasty Coffee Эфиопия Оромия зерновой 250 г,20759.0,0.0,
147073855,Кофе Alta Roma Papua New Guinea зерновой 1000 г,18100.0,0.0,
107970963,Кофе Sunday Coffee Special зерновой 500 г,12200.0,0.0,
148864836,Кофе Monkey Forest Aotus зерновой 250 г,8400.0,0.0,
141072312,Кофе Don Cup Арабика Суль Де Минас зерновой 1000 г,18000.0,0.0,
105026795,Кофе TEMPELMANN Aurelias зерновой 500 г,11349.0,5.0,3.0
123595999,Кофе Coffeelogia Руанда Кияхинда зерновой 1000 г,13750.0,5.0,
105239471,Кофе Lofbergs Medium Roast зерновой 1000 г,22150.0,5.0,3.0
100761152,Кофе Covim Prestige в пакете зерновой 1000 г,15400.0,5.0,1.0
147074202,Кофе Coffeelogia Китай Гулаиванг Натурал зерновой 500 г,8700.0,4.0,
142271992,Кофе Barbera Mago зерновой 1000 г,25550.0,0.0,
105337210,Кофе Guten berg Верона зерновой в пакете 1000 г,15000.0,0.0,
135688814,Кофе Tasty Coffee Эфиопия Гуджи зерновой 1000 г,25739.0,5.0,
103381666,Кофе Sunrise Coffee City Blend Dark зерновой в пакете 250 г,4999.0,5.0,1.0
103381660,Кофе Sunrise Coffee City blend Dark зерновой арабика робуста 500 г,8000.0,4.8,5.0
147521900,Кофе Melitta Selection des jahres зерновой 1000 г,19990.0,0.0,
134034434,Кофе LEBO Coffee Strong Espresso зерновой 1000 г,15740.0,0.0,
102171513,Кофе Corsini El Salvador SHG зерновой в пакете 500 г,13950.0,5.0,
138110263,Кофе Coffeelogia Индонезия Сулавеси зерновой 1000 г,14850.0,5.0,
138110175,Кофе Coffeelogia Индонезия Суматра зерновой 1000 г,18110.0,0.0,
141071698,Кофе Delonghi Espresso Coffee Blend зерновой 1000 г,14990.0,4.9,280.0
106666946,Кофе растворимый Jardin Gold сублимированный 190 г,5701.0,4.8,15.0
102363100,Кофе Lavazza Pronto Crema в пакете зерновой 1000 г,10300.0,4.9,209.0
109734583,Кофе Compass Brazil Santos зерновой 250 г,3150.0,4.9,315.0
101124427,Кофе растворимый Jacobs Monarch сублимированный 190 г,6100.0,5.0,28.0
103054812,Кофе растворимый NESCAFE Classic crema сублимированный 120 г,3475.0,5.0,12.0
102719824,Кофе Jardin Crema зерновой 1000 г,14595.0,4.8,31.0
100219165,Кофе Carte Noire Original зерновой в пакете 800 г,12939.0,5.0,45.0
100820280,Кофе Master Coffee Milano Espresso зерновой в пакете 1000 г,12990.0,4.9,315.0
117513263,Кофе TOREO Vending Special зерновой 1000 г,9765.0,4.9,246.0
100938506,Кофе Espresso Italiano Arabica зерновой 200 г,2499.0,4.9,194.0
100240445,Кофе растворимый Jacobs Caramel Latte порошковый 17 г,210.0,4.9,13.0
